{"parameters/linear.weight": {"_type": "histogram", "values": [2.0, 1.0, 1.0, 0.0, 10.0, 6.0, 11.0, 8.0, 9.0, 12.0, 11.0, 9.0, 8.0, 15.0, 17.0, 24.0, 27.0, 32.0, 35.0, 53.0, 74.0, 80.0, 98.0, 119.0, 132.0, 184.0, 196.0, 254.0, 551.0, 790.0, 978.0, 976.0, 785.0, 475.0, 310.0, 206.0, 201.0, 149.0, 151.0, 137.0, 139.0, 110.0, 92.0, 89.0, 61.0, 49.0, 42.0, 38.0, 23.0, 12.0, 15.0, 17.0, 3.0, 5.0, 4.0, 1.0, 1.0, 1.0, 0.0, 0.0, 0.0, 0.0, 0.0, 1.0], "bins": [-0.5752818584442139, -0.5569990873336792, -0.5387163758277893, -0.5204336047172546, -0.5021508932113647, -0.4838681221008301, -0.4655853509902954, -0.44730260968208313, -0.42901986837387085, -0.41073712706565857, -0.3924543857574463, -0.3741716146469116, -0.35588887333869934, -0.33760613203048706, -0.3193233609199524, -0.3010406196117401, -0.28275787830352783, -0.26447513699531555, -0.24619238078594208, -0.2279096245765686, -0.20962688326835632, -0.19134414196014404, -0.17306138575077057, -0.1547786295413971, -0.13649588823318481, -0.11821313947439194, -0.09993039071559906, -0.08164764195680618, -0.0633648931980133, -0.04508214443922043, -0.02679939568042755, -0.008516646921634674, 0.009766101837158203, 0.02804885059595108, 0.04633159935474396, 0.06461434811353683, 0.08289709687232971, 0.10117984563112259, 0.11946259438991547, 0.13774535059928894, 0.15602809190750122, 0.1743108332157135, 0.19259358942508698, 0.21087634563446045, 0.22915908694267273, 0.247441828250885, 0.2657245993614197, 0.28400734066963196, 0.30229008197784424, 0.3205728232860565, 0.3388555645942688, 0.35713833570480347, 0.37542107701301575, 0.393703818321228, 0.4119865894317627, 0.430269330739975, 0.44855207204818726, 0.46683481335639954, 0.4851175546646118, 0.5034003257751465, 0.5216830968856812, 0.539965808391571, 0.5582485795021057, 0.5765312910079956, 0.5948140621185303]}, "_timestamp": 1678437009.657367, "parameters/linear.bias": {"_type": "histogram", "values": [1.0, 0.0, 0.0, 0.0, 0.0, 0.0, 0.0, 0.0, 0.0, 0.0, 0.0, 0.0, 0.0, 0.0, 0.0, 0.0, 0.0, 0.0, 0.0, 0.0, 0.0, 0.0, 0.0, 2.0, 0.0, 0.0, 0.0, 0.0, 0.0, 0.0, 1.0, 0.0, 0.0, 0.0, 1.0, 1.0, 1.0, 1.0, 0.0, 0.0, 0.0, 0.0, 0.0, 0.0, 0.0, 0.0, 0.0, 0.0, 0.0, 0.0, 0.0, 0.0, 0.0, 1.0, 0.0, 0.0, 0.0, 0.0, 0.0, 0.0, 0.0, 0.0, 0.0, 1.0], "bins": [-0.048811860382556915, -0.047185298055410385, -0.045558735728263855, -0.043932173401117325, -0.042305611073970795, -0.040679045021533966, -0.039052482694387436, -0.037425920367240906, -0.035799358040094376, -0.034172795712947845, -0.032546233385801315, -0.030919669196009636, -0.029293106868863106, -0.027666544541716576, -0.026039980351924896, -0.024413418024778366, -0.022786855697631836, -0.021160293370485306, -0.019533731043338776, -0.017907166853547096, -0.016280604526400566, -0.014654042199254036, -0.013027478940784931, -0.011400915682315826, -0.009774353355169296, -0.008147791028022766, -0.006521227769553661, -0.004894664976745844, -0.0032681021839380264, -0.001641539391130209, -1.497659832239151e-05, 0.001611586194485426, 0.003238152712583542, 0.004864715505391359, 0.006491278298199177, 0.008117841556668282, 0.009744403883814812, 0.011370966210961342, 0.012997529469430447, 0.014624092727899551, 0.01625065505504608, 0.01787721738219261, 0.019503779709339142, 0.02113034389913082, 0.02275690622627735, 0.02438346855342388, 0.02601003274321556, 0.02763659507036209, 0.02926315739750862, 0.03088971972465515, 0.03251628205180168, 0.03414284437894821, 0.03576941043138504, 0.03739597275853157, 0.0390225350856781, 0.04064909741282463, 0.04227565973997116, 0.04390222206711769, 0.04552878439426422, 0.04715534672141075, 0.04878190904855728, 0.05040847510099411, 0.05203503742814064, 0.05366159975528717, 0.0552881620824337]}, "gradients/linear.bias": {"_type": "histogram", "values": [1.0, 0.0, 0.0, 1.0, 0.0, 0.0, 0.0, 0.0, 0.0, 0.0, 0.0, 0.0, 0.0, 0.0, 0.0, 0.0, 0.0, 0.0, 1.0, 1.0, 0.0, 0.0, 0.0, 1.0, 0.0, 0.0, 0.0, 0.0, 0.0, 0.0, 0.0, 0.0, 0.0, 0.0, 0.0, 1.0, 1.0, 0.0, 0.0, 0.0, 0.0, 0.0, 0.0, 1.0, 0.0, 0.0, 0.0, 0.0, 0.0, 0.0, 0.0, 0.0, 0.0, 0.0, 0.0, 0.0, 0.0, 0.0, 0.0, 1.0, 0.0, 0.0, 0.0, 1.0], "bins": [-0.00217250594869256, -0.0021008788608014584, -0.002029251540079713, -0.001957624452188611, -0.0018859972478821874, -0.0018143700435757637, -0.0017427429556846619, -0.0016711157513782382, -0.0015994885470718145, -0.0015278613427653909, -0.0014562341384589672, -0.0013846070505678654, -0.0013129798462614417, -0.001241352641955018, -0.0011697255540639162, -0.0010980983497574925, -0.0010264711454510689, -0.0009548439411446452, -0.0008832167950458825, -0.0008115896489471197, -0.000739962444640696, -0.0006683352403342724, -0.0005967080942355096, -0.0005250809481367469, -0.0004534537438303232, -0.00038182656862773, -0.0003101993934251368, -0.0002385722182225436, -0.0001669450430199504, -9.531786781735718e-05, -2.3690692614763975e-05, 4.793648258782923e-05, 0.00011956342495977879, 0.000191190600162372, 0.0002628177753649652, 0.0003344449505675584, 0.0004060721257701516, 0.0004776993009727448, 0.000549326476175338, 0.0006209536222741008, 0.0006925808265805244, 0.0007642080308869481, 0.0008358351769857109, 0.0009074623230844736, 0.0009790895273908973, 0.001050716731697321, 0.0011223438195884228, 0.0011939710238948464, 0.00126559822820127, 0.0013372254325076938, 0.0014088526368141174, 0.0014804797247052193, 0.001552106929011643, 0.0016237341333180666, 0.0016953612212091684, 0.001766988425515592, 0.0018386156298220158, 0.0019102428341284394, 0.001981870038434863, 0.002053497126325965, 0.0021251244470477104, 0.0021967515349388123, 0.002268378622829914, 0.0023400059435516596, 0.0024116330314427614]}, "gradients/linear.weight": {"_type": "histogram", "values": [3.0, 3.0, 13.0, 3.0, 4.0, 3.0, 3.0, 3.0, 6.0, 5.0, 12.0, 10.0, 16.0, 29.0, 43.0, 26.0, 54.0, 96.0, 487.0, 462.0, 111.0, 59.0, 56.0, 47.0, 34.0, 21.0, 33.0, 609.0, 100.0, 104.0, 1219.0, 123.0, 79.0, 78.0, 100.0, 113.0, 735.0, 62.0, 1133.0, 113.0, 67.0, 61.0, 32.0, 35.0, 48.0, 541.0, 512.0, 75.0, 70.0, 74.0, 28.0, 16.0, 8.0, 7.0, 7.0, 5.0, 5.0, 6.0, 3.0, 3.0, 8.0, 3.0, 6.0, 10.0], "bins": [-0.005286357365548611, -0.005126733798533678, -0.004967110697180033, -0.0048074871301651, -0.004647864028811455, -0.004488240461796522, -0.0043286168947815895, -0.004168993793427944, -0.0040093702264130116, -0.0038497468922287226, -0.0036901235580444336, -0.003530499991029501, -0.003370876656845212, -0.003211253322660923, -0.0030516297556459904, -0.0028920064214617014, -0.0027323830872774124, -0.0025727597530931234, -0.0024131364189088345, -0.002253512851893902, -0.002093889517709613, -0.0019342661835253239, -0.001774642732925713, -0.0016150192823261023, -0.0014553959481418133, -0.0012957726139575243, -0.0011361491633579135, -0.0009765257709659636, -0.0008169023785740137, -0.0006572789861820638, -0.0004976555937901139, -0.00033803220139816403, -0.00017840834334492683, -1.8784950952976942e-05, 0.00014083844143897295, 0.00030046183383092284, 0.00046008522622287273, 0.0006197086186148226, 0.0007793320110067725, 0.0009389554033987224, 0.0010985787957906723, 0.0012582021299749613, 0.001417825580574572, 0.001577449031174183, 0.0017370723653584719, 0.0018966956995427608, 0.0020563192665576935, 0.0022159426007419825, 0.0023755659349262714, 0.0025351892691105604, 0.0026948126032948494, 0.002854436170309782, 0.003014059504494071, 0.00317368283867836, 0.0033333064056932926, 0.0034929297398775816, 0.0036525530740618706, 0.0038121764082461596, 0.0039717997424304485, 0.004131423309445381, 0.0042910464107990265, 0.004450669977813959, 0.004610293544828892, 0.004769916646182537, 0.00492954021319747]}, "loss": 1.5522960287459353, "acc": 0.9198581561129144, "_runtime": 30.94114089012146, "_step": 19, "test_loss": 1.5492540776729584, "test_acc": 0.92099609375, "_wandb": {"runtime": 30}}