{"parameters/linear.weight": {"_type": "histogram", "values": [2.0, 0.0, 1.0, 3.0, 3.0, 2.0, 1.0, 6.0, 12.0, 10.0, 16.0, 19.0, 31.0, 37.0, 33.0, 44.0, 58.0, 46.0, 54.0, 70.0, 87.0, 110.0, 126.0, 174.0, 508.0, 882.0, 512.0, 237.0, 479.0, 982.0, 221.0, 534.0, 503.0, 518.0, 197.0, 408.0, 236.0, 119.0, 114.0, 75.0, 72.0, 76.0, 47.0, 35.0, 27.0, 19.0, 17.0, 21.0, 9.0, 7.0, 9.0, 9.0, 4.0, 5.0, 3.0, 3.0, 2.0, 1.0, 1.0, 1.0, 1.0, 0.0, 0.0, 1.0], "bins": [-6.928318023681641, -6.692342758178711, -6.456367492675781, -6.220392227172852, -5.984416961669922, -5.748441696166992, -5.5124664306640625, -5.276491165161133, -5.040515899658203, -4.804540634155273, -4.568565368652344, -4.332590103149414, -4.096614837646484, -3.8606395721435547, -3.624664306640625, -3.3886890411376953, -3.1527140140533447, -2.916738748550415, -2.6807634830474854, -2.4447882175445557, -2.208812952041626, -1.9728378057479858, -1.7368625402450562, -1.5008872747421265, -1.2649121284484863, -1.0289368629455566, -0.792961597442627, -0.556986391544342, -0.32101112604141235, -0.08503587543964386, 0.15093937516212463, 0.38691461086273193, 0.6228899955749512, 0.8588652610778809, 1.0948405265808105, 1.3308157920837402, 1.56679105758667, 1.80276620388031, 2.0387415885925293, 2.274716854095459, 2.5106921195983887, 2.7466673851013184, 2.982642650604248, 3.2186179161071777, 3.4545931816101074, 3.690568447113037, 3.926543712615967, 4.1625189781188965, 4.398493766784668, 4.634469032287598, 4.870444297790527, 5.106419563293457, 5.342394828796387, 5.578370094299316, 5.814345359802246, 6.050320625305176, 6.2862958908081055, 6.522271156311035, 6.758246421813965, 6.9942216873168945, 7.230196952819824, 7.466172218322754, 7.702147483825684, 7.938122749328613, 8.174098014831543]}, "_timestamp": 1678436710.368076, "parameters/linear.bias": {"_type": "histogram", "values": [1.0, 0.0, 0.0, 0.0, 0.0, 0.0, 0.0, 0.0, 0.0, 0.0, 0.0, 1.0, 0.0, 0.0, 0.0, 0.0, 0.0, 0.0, 1.0, 0.0, 0.0, 0.0, 0.0, 0.0, 1.0, 0.0, 0.0, 0.0, 0.0, 0.0, 0.0, 0.0, 0.0, 0.0, 0.0, 1.0, 0.0, 0.0, 0.0, 0.0, 0.0, 0.0, 0.0, 1.0, 0.0, 0.0, 0.0, 0.0, 0.0, 0.0, 0.0, 0.0, 1.0, 0.0, 1.0, 0.0, 1.0, 0.0, 0.0, 0.0, 0.0, 0.0, 0.0, 1.0], "bins": [-1.532113790512085, -1.489490270614624, -1.446866750717163, -1.4042431116104126, -1.3616195917129517, -1.3189960718154907, -1.2763725519180298, -1.2337490320205688, -1.1911253929138184, -1.1485018730163574, -1.1058783531188965, -1.063254714012146, -1.020631194114685, -0.9780076742172241, -0.9353841543197632, -0.8927605748176575, -0.8501371145248413, -0.8075135946273804, -0.7648900151252747, -0.7222664952278137, -0.679642915725708, -0.6370193958282471, -0.5943958759307861, -0.5517722964286804, -0.5091488361358643, -0.46652528643608093, -0.4239017367362976, -0.38127821683883667, -0.33865466713905334, -0.29603111743927, -0.2534075975418091, -0.21078404784202576, -0.1681605577468872, -0.12553700804710388, -0.08291347324848175, -0.04028993099927902, 0.002333611249923706, 0.044957153499126434, 0.08758069574832916, 0.1302042305469513, 0.1728278398513794, 0.21545138955116272, 0.25807493925094604, 0.300698459148407, 0.3433220088481903, 0.38594555854797363, 0.42856907844543457, 0.4711926281452179, 0.5138161182403564, 0.5564396381378174, 0.5990632176399231, 0.641686737537384, 0.6843103170394897, 0.7269338369369507, 0.7695573568344116, 0.8121809363365173, 0.8548044562339783, 0.8974279761314392, 0.9400515556335449, 0.9826750755310059, 1.0252985954284668, 1.0679221153259277, 1.1105457544326782, 1.1531692743301392, 1.1957927942276]}, "gradients/linear.bias": {"_type": "histogram", "values": [1.0, 0.0, 0.0, 0.0, 0.0, 0.0, 0.0, 0.0, 0.0, 0.0, 0.0, 0.0, 0.0, 0.0, 0.0, 0.0, 0.0, 0.0, 0.0, 0.0, 0.0, 0.0, 0.0, 0.0, 0.0, 0.0, 0.0, 0.0, 0.0, 0.0, 0.0, 0.0, 7.0, 1.0, 0.0, 0.0, 0.0, 0.0, 0.0, 0.0, 0.0, 0.0, 0.0, 0.0, 0.0, 0.0, 0.0, 0.0, 0.0, 0.0, 0.0, 0.0, 0.0, 0.0, 0.0, 0.0, 0.0, 0.0, 0.0, 0.0, 0.0, 0.0, 0.0, 1.0], "bins": [-0.0009788244497030973, -0.0009487275965511799, -0.0009186306851916015, -0.0008885337738320231, -0.0008584369206801057, -0.0008283400675281882, -0.0007982431561686099, -0.0007681462448090315, -0.000738049391657114, -0.0007079525385051966, -0.0006778556271456182, -0.0006477587157860398, -0.0006176618626341224, -0.0005875650094822049, -0.0005574680981226265, -0.0005273711867630482, -0.0004972743336111307, -0.0004671774513553828, -0.0004370805690996349, -0.00040698368684388697, -0.00037688680458813906, -0.00034678992233239114, -0.00031669304007664323, -0.0002865961578208953, -0.0002564992755651474, -0.00022640239330939949, -0.00019630551105365157, -0.00016620862879790366, -0.00013611174654215574, -0.00010601486428640783, -7.591798203065991e-05, -4.5821099774912e-05, -1.5724159311503172e-05, 1.4372722944244742e-05, 4.446960519999266e-05, 7.456648745574057e-05, 0.00010466336971148849, 0.0001347602519672364, 0.00016485713422298431, 0.00019495401647873223, 0.00022505089873448014, 0.00025514778099022806, 0.00028524466324597597, 0.0003153415455017239, 0.0003454384277574718, 0.0003755353100132197, 0.00040563219226896763, 0.00043572907452471554, 0.00046582595678046346, 0.0004959228681400418, 0.0005260197212919593, 0.0005561165744438767, 0.0005862134858034551, 0.0006163103971630335, 0.0006464072503149509, 0.0006765041034668684, 0.0007066010148264468, 0.0007366979261860251, 0.0007667947793379426, 0.0007968916324898601, 0.0008269885438494384, 0.0008570854552090168, 0.0008871823083609343, 0.0009172791615128517, 0.0009473760728724301]}, "gradients/linear.weight": {"_type": "histogram", "values": [10.0, 28.0, 642.0, 12.0, 3.0, 4.0, 6.0, 5.0, 2.0, 4.0, 5.0, 1.0, 6.0, 2.0, 3.0, 1.0, 2.0, 2.0, 3.0, 6.0, 4.0, 4.0, 1.0, 6.0, 3.0, 0.0, 2.0, 2.0, 4.0, 5.0, 649.0, 128.0, 5484.0, 23.0, 2.0, 2.0, 3.0, 3.0, 4.0, 0.0, 3.0, 5.0, 2.0, 1.0, 5.0, 6.0, 6.0, 1.0, 1.0, 1.0, 3.0, 4.0, 1.0, 5.0, 3.0, 4.0, 5.0, 4.0, 5.0, 0.0, 14.0, 22.0, 589.0, 74.0], "bins": [-0.0010278401896357536, -0.0009958632290363312, -0.0009638862102292478, -0.0009319092496298254, -0.000899932230822742, -0.0008679552702233195, -0.0008359782514162362, -0.0008040012908168137, -0.0007720242720097303, -0.0007400473114103079, -0.0007080702926032245, -0.0006760933320038021, -0.0006441163131967187, -0.0006121393525972962, -0.0005801623337902129, -0.0005481853731907904, -0.000516208412591368, -0.00048423142288811505, -0.00045225443318486214, -0.0004202774434816092, -0.0003883004537783563, -0.00035632349317893386, -0.00032434650347568095, -0.00029236951377242804, -0.0002603925531730056, -0.00022841556346975267, -0.00019643857376649976, -0.00016446159861516207, -0.00013248460891190916, -0.00010050761920865625, -6.853063678136095e-05, -3.655365071608685e-05, -4.576635546982288e-06, 2.7400350518291816e-05, 5.937733658356592e-05, 9.135431901086122e-05, 0.00012333130871411413, 0.00015530829841736704, 0.00018728527356870472, 0.00021926226327195764, 0.000251239282079041, 0.0002832162717822939, 0.00031519326148554683, 0.00034717025118879974, 0.00037914724089205265, 0.0004111242014914751, 0.000443101191194728, 0.00047507818089798093, 0.0005070551414974034, 0.0005390321020968258, 0.0005710091209039092, 0.0006029860815033317, 0.000634963100310415, 0.0006669400609098375, 0.0006989170797169209, 0.0007308940403163433, 0.0007628710009157658, 0.0007948479615151882, 0.0008268249803222716, 0.000858801940921694, 0.0008907789597287774, 0.0009227559203281999, 0.0009547329391352832, 0.0009867099579423666, 0.001018686918541789]}, "_runtime": 5.444449186325073, "_step": 0, "_wandb": {"runtime": 5}}